{"part2_angle_h": {"min": [0.12213444366455077, 0.7036792053222655, -0.059599974250793455], "max": [0.21547791442871095, 0.8010200439453123, 0.03359997997283936]}, "part2_angle_l": {"min": [0.10900000228881836, 0.3310893453598022, -0.06865871963500977], "max": [0.22652127990722654, 0.44900000915527344, 0.042662716484069815]}, "part2_tube": {"min": [0.11800000228881836, 0.42768002929687493, -0.06843638381958007], "max": [0.21920000228881834, 0.7252400146484376, 0.04243638381958007]}, "part3_angle_h": {"min": [0.05208179321289062, 1.0743801483154296, -0.030874423599243164], "max": [0.14453445968627932, 1.1555191284179687, 0.04470947418212891]}, "part3_angle_l": {"min": [0.045168600463867184, 0.7277900146484374, -0.03926687107086182], "max": [0.1433344264984131, 0.8248000274658202, 0.053805985069274906]}, "part3_tube": {"min": [0.051676815414428715, 0.8036001647949217, -0.03840000400543213], "max": [0.14215199432373046, 1.0955801940917969, 0.05240000114440918]}, "part4_angle_h": {"min": [0.12150176849365234, 1.1438000549316407, -0.030874423599243164], "max": [0.29395443496704105, 1.3049389892578125, 0.12470947418212891]}, "part4_angle_l": {"min": [0.1233344253540039, 1.0725473999023438, -0.030709474182128903], "max": [0.2844733825683594, 1.2450000549316407, 0.12487442359924317]}, "part4_bout": {"min": [0.19275442352294922, 1.149139501953125, -0.03042174396514892], "max": [0.31225441894531253, 1.3044002014160154, 0.12442170677185059]}, "part1_angle_l": {"min": [0.012289344215393062, 0.2822000011444092, -0.04866271648406982], "max": [0.11020000228881836, 0.4497212844848633, 0.042658719635009765]}, "part1_base": {"min": [0.0021999954223632795, 0.22579999485015867, -0.04850428733825683], "max": [0.10366006145477295, 0.30979999599456787, 0.042428762054443354]}}