{"part2_angle_h": {"min": [-5.999995708465576, 67.37986755371094, 10.789073944091797], "max": [5.999996662139893, 80.07000732421875, 24.479652404785156]}, "part2_angle_l": {"min": [-7.509786605834961, 5.281557559967041, 8.600000381469727], "max": [7.510452747344971, 21.400001525878906, 26.320213317871094]}, "part2_tube": {"min": [-7.47273063659668, 21.3800048828125, 10.100000381469727], "max": [7.47273063659668, 67.44000244140625, 25.100000381469727]}, "part3_angle_h": {"min": [-4.545737266540527, 125.83002471923828, -0.8863677978515625], "max": [4.518245697021484, 135.81985473632812, 10.989076614379883]}, "part3_angle_l": {"min": [-5.944478511810303, 68.06500244140625, -2.0385665893554688], "max": [6.03433084487915, 80.70000457763672, 10.789071083068848]}, "part3_tube": {"min": [-5.8000006675720215, 80.70002746582031, -0.9538640975952148], "max": [5.800000190734863, 125.83003234863281, 10.591999053955078]}, "part4_angle_h": {"min": [-4.545737266540527, 137.40000915527344, 10.68362808227539], "max": [4.518245697021484, 147.38983154296875, 22.559072494506836]}, "part4_angle_l": {"min": [-4.518245697021484, 125.52456665039062, 10.989070892333984], "max": [4.545737266540527, 137.40000915527344, 20.978897094726562]}, "part4_bout": {"min": [-4.470290660858154, 138.2899169921875, 22.559070587158203], "max": [4.470284461975098, 147.30003356933594, 25.60906982421875]}, "part1_angle_l": {"min": [-7.510452747344971, 3.8000001907348633, -7.518442630767822], "max": [7.509786605834961, 21.520214080810547, 8.600000381469727]}, "part1_base": {"min": [-7.484047889709473, -5.600000858306885, -9.200000762939453], "max": [7.471460342407227, -1.8000006675720215, 7.510010242462158]}}